timestamp,count
2026-03-21 09:03:45,2
2026-03-21 09:05:03,2
2026-03-21 09:06:09,2
2026-03-21 09:07:15,2
2026-03-21 09:08:21,2
2026-03-21 09:09:28,2
2026-03-21 09:10:34,3
2026-03-21 09:11:40,3
2026-03-21 09:12:45,3
2026-03-21 09:13:51,3
2026-03-21 09:14:58,4
2026-03-21 09:16:04,4
2026-03-21 09:17:10,4
2026-03-21 09:18:16,4
2026-03-21 09:19:22,4
2026-03-21 09:20:28,5
2026-03-21 09:21:34,5
2026-03-21 09:22:40,5
2026-03-21 09:23:46,5
2026-03-21 09:24:52,5
2026-03-21 09:25:58,7
2026-03-21 09:27:04,8
2026-03-21 09:28:10,8
2026-03-21 09:29:16,11
2026-03-21 09:30:22,11
2026-03-21 09:31:28,11
2026-03-21 09:32:34,11
2026-03-21 09:33:40,11
2026-03-21 09:34:46,12
2026-03-21 09:35:52,12
2026-03-21 09:36:58,12
2026-03-21 09:38:04,12
2026-03-21 09:39:10,12
2026-03-21 09:40:17,12
2026-03-21 09:41:23,12
2026-03-21 09:42:29,12
2026-03-21 09:43:35,15
2026-03-21 09:44:41,15
2026-03-21 09:45:47,12
2026-03-21 09:46:53,15
2026-03-21 09:47:59,15
2026-03-21 09:49:06,15
2026-03-21 09:50:12,17
2026-03-21 09:51:18,15
2026-03-21 09:52:24,17
2026-03-21 09:53:30,17
2026-03-21 09:54:36,17
2026-03-21 09:55:42,17
2026-03-21 09:56:48,17
2026-03-21 09:57:54,17
2026-03-21 09:59:00,17
2026-03-21 10:00:06,17
2026-03-21 10:01:12,18
2026-03-21 10:02:18,18
2026-03-21 10:03:45,18
2026-03-21 10:04:51,18
2026-03-21 10:05:58,18
2026-03-21 10:07:03,18
2026-03-21 10:08:10,18
2026-03-21 10:09:16,18
2026-03-21 10:10:22,17
2026-03-21 10:11:28,18
2026-03-21 10:12:34,15
2026-03-21 10:13:40,18
2026-03-21 10:14:46,18
2026-03-21 10:15:52,15
2026-03-21 10:16:58,15
2026-03-21 10:18:04,19
2026-03-21 10:19:10,15
2026-03-21 10:20:16,19
2026-03-21 10:21:22,19
2026-03-21 10:22:27,19
2026-03-21 10:23:33,19
2026-03-21 10:24:39,18
2026-03-21 10:25:46,18
2026-03-21 10:26:51,18
2026-03-21 10:27:57,18
2026-03-21 10:29:03,18
2026-03-21 10:30:09,18
2026-03-21 10:31:15,18
2026-03-21 10:32:21,25
2026-03-21 10:33:27,18
2026-03-21 10:34:33,22
2026-03-21 10:35:39,22
2026-03-21 10:36:45,22
2026-03-21 10:37:51,22
2026-03-21 10:38:57,22
2026-03-21 10:40:03,21
2026-03-21 10:41:09,21
2026-03-21 10:42:15,21
2026-03-21 10:43:21,21
2026-03-21 10:44:28,21
2026-03-21 10:45:33,20
2026-03-21 10:46:39,20
2026-03-21 10:47:45,24
2026-03-21 10:48:51,20
2026-03-21 10:49:57,20
2026-03-21 10:51:03,24
2026-03-21 10:52:09,24
2026-03-21 10:53:15,24
2026-03-21 10:54:21,24
2026-03-21 10:55:26,28
2026-03-21 10:56:32,28
2026-03-21 10:57:38,28
2026-03-21 10:58:44,28
2026-03-21 10:59:50,31
2026-03-21 11:00:56,28
2026-03-21 11:02:02,31
2026-03-21 11:03:08,31
2026-03-21 11:04:14,31
2026-03-21 11:05:20,31
2026-03-21 11:06:26,31
2026-03-21 11:07:32,31
2026-03-21 11:08:38,31
2026-03-21 11:09:44,30
2026-03-21 11:10:50,30
2026-03-21 11:11:56,30
2026-03-21 11:13:01,30
2026-03-21 11:14:07,30
2026-03-21 11:15:13,29
2026-03-21 11:16:20,29
2026-03-21 11:17:26,29
2026-03-21 11:18:31,29
2026-03-21 11:19:37,29
2026-03-21 11:20:43,29
2026-03-21 11:21:49,29
2026-03-21 11:22:55,29
2026-03-21 11:24:01,29
2026-03-21 11:25:06,29
2026-03-21 11:26:12,29
2026-03-21 11:27:18,32
2026-03-21 11:28:23,32
2026-03-21 11:29:29,32
2026-03-21 11:30:34,32
2026-03-21 11:31:40,29
2026-03-21 11:32:46,28
2026-03-21 11:33:52,28
2026-03-21 11:34:58,29
2026-03-21 11:36:04,28
2026-03-21 11:37:09,28
2026-03-21 11:38:15,26
2026-03-21 11:39:21,26
2026-03-21 11:40:26,28
2026-03-21 11:41:32,26
2026-03-21 11:42:38,22
2026-03-21 11:43:44,22
2026-03-21 11:44:49,22
2026-03-21 11:45:55,22
2026-03-21 11:47:01,22
2026-03-21 11:48:07,22
2026-03-21 11:49:12,22
2026-03-21 11:50:18,21
2026-03-21 11:51:24,21
2026-03-21 11:52:30,21
2026-03-21 11:53:36,21
2026-03-21 11:54:42,19
2026-03-21 11:55:47,19
2026-03-21 11:56:53,19
2026-03-21 11:57:59,19
2026-03-21 11:59:05,19
2026-03-21 12:00:11,18
2026-03-21 12:01:17,18
2026-03-21 12:02:23,21
2026-03-21 12:03:28,18
2026-03-21 12:04:34,18
2026-03-21 12:05:40,21
2026-03-21 12:06:46,21
2026-03-21 12:07:51,21
2026-03-21 12:08:57,19
2026-03-21 12:10:03,19
2026-03-21 12:11:08,19
2026-03-21 12:12:14,19
2026-03-21 12:13:20,19
2026-03-21 12:14:25,21
2026-03-21 12:15:32,21
2026-03-21 12:16:40,21
2026-03-21 12:17:46,19
2026-03-21 12:18:52,19
2026-03-21 12:19:58,19
2026-03-21 12:21:03,21
2026-03-21 12:22:09,19
2026-03-21 12:23:15,19
2026-03-21 12:24:21,17
2026-03-21 12:25:26,19
2026-03-21 12:26:33,17
2026-03-21 12:27:38,17
2026-03-21 12:28:44,16
2026-03-21 12:29:50,17
2026-03-21 12:30:55,16
2026-03-21 12:32:01,16
2026-03-21 12:33:07,16
2026-03-21 12:34:13,15
2026-03-21 12:35:19,15
2026-03-21 12:36:25,16
2026-03-21 12:37:30,15
2026-03-21 12:38:36,15
2026-03-21 12:39:42,18
2026-03-21 12:40:47,18
2026-03-21 12:41:53,18
2026-03-21 12:42:59,22
2026-03-21 12:44:05,22
2026-03-21 12:45:11,22
2026-03-21 12:46:17,22
2026-03-21 12:47:23,22
2026-03-21 12:48:29,22
2026-03-21 12:49:35,22
2026-03-21 12:50:41,22
2026-03-21 12:51:47,22
2026-03-21 12:52:52,24
2026-03-21 12:53:58,24
2026-03-21 12:55:04,24
2026-03-21 12:56:10,24
2026-03-21 12:57:16,24
2026-03-21 12:58:22,24
2026-03-21 12:59:27,25
2026-03-21 13:00:33,25
2026-03-21 13:01:39,25
2026-03-21 13:02:45,25
2026-03-21 13:03:51,25
2026-03-21 13:04:57,24
2026-03-21 13:06:03,24
2026-03-21 13:07:08,24
2026-03-21 13:08:14,24
2026-03-21 13:09:20,25
2026-03-21 13:10:26,25
2026-03-21 13:11:32,25
2026-03-21 13:12:38,25
2026-03-21 13:13:43,25
2026-03-21 13:14:49,24
2026-03-21 13:15:55,24
2026-03-21 13:17:01,24
2026-03-21 13:18:07,24
2026-03-21 13:19:12,22
2026-03-21 13:20:18,24
2026-03-21 13:21:24,22
2026-03-21 13:22:30,22
2026-03-21 13:23:36,23
2026-03-21 13:24:42,21
2026-03-21 13:25:47,21
2026-03-21 13:26:53,21
2026-03-21 13:27:59,21
2026-03-21 13:29:05,21
2026-03-21 13:30:11,21
2026-03-21 13:31:17,21
2026-03-21 13:32:22,21
2026-03-21 13:33:28,21
2026-03-21 13:34:35,21
2026-03-21 13:35:41,21
2026-03-21 13:36:47,21
2026-03-21 13:37:52,21
2026-03-21 13:38:58,19
2026-03-21 13:40:04,21
2026-03-21 13:41:10,18
2026-03-21 13:42:15,18
2026-03-21 13:43:21,19
2026-03-21 13:44:27,18
2026-03-21 13:45:33,19
2026-03-21 13:46:41,19
2026-03-21 13:47:46,19
2026-03-21 13:48:52,17
2026-03-21 13:49:59,17
2026-03-21 13:51:05,17
2026-03-21 13:52:11,17
2026-03-21 13:53:16,16
2026-03-21 13:54:22,16
2026-03-21 13:55:28,17
2026-03-21 13:56:36,16
2026-03-21 13:57:43,17
2026-03-21 13:58:49,16
2026-03-21 13:59:55,17
2026-03-21 14:01:01,17
2026-03-21 14:02:08,20
2026-03-21 14:03:14,17
2026-03-21 14:04:20,17
2026-03-21 14:05:27,20
2026-03-21 14:06:33,19
2026-03-21 14:07:39,24
2026-03-21 14:08:45,24
2026-03-21 14:09:51,19
2026-03-21 14:10:57,24
2026-03-21 14:12:03,24
2026-03-21 14:13:10,24
2026-03-21 14:14:17,24
2026-03-21 14:15:22,24
2026-03-21 14:16:28,24
2026-03-21 14:17:36,24
2026-03-21 14:18:45,24
2026-03-21 14:19:50,26
2026-03-21 14:20:56,26
2026-03-21 14:22:03,26
2026-03-21 14:23:09,26
2026-03-21 14:24:16,26
2026-03-21 14:25:22,26
2026-03-21 14:26:29,26
2026-03-21 14:27:35,26
2026-03-21 14:28:41,23
2026-03-21 14:29:47,23
2026-03-21 14:30:53,23
2026-03-21 14:31:58,23
2026-03-21 14:33:04,23
2026-03-21 14:34:10,24
2026-03-21 14:35:16,24
2026-03-21 14:36:22,24
2026-03-21 14:37:28,24
2026-03-21 14:38:34,24
2026-03-21 14:39:40,24
2026-03-21 14:40:46,26
2026-03-21 14:41:52,26
2026-03-21 14:42:57,26
2026-03-21 14:44:04,32
2026-03-21 14:45:10,32
2026-03-21 14:46:16,32
2026-03-21 14:47:22,32
2026-03-21 14:48:29,32
2026-03-21 14:49:34,32
2026-03-21 14:50:40,32
2026-03-21 14:51:46,32
2026-03-21 14:52:52,32
2026-03-21 14:53:58,32
2026-03-21 14:55:03,32
2026-03-21 14:56:09,28
2026-03-21 14:57:15,28
2026-03-21 14:58:20,27
2026-03-21 14:59:26,27
2026-03-21 15:00:32,28
2026-03-21 15:01:37,27
2026-03-21 15:02:43,27
2026-03-21 15:03:49,27
2026-03-21 15:04:55,25
2026-03-21 15:06:00,27
2026-03-21 15:07:06,25
2026-03-21 15:08:12,25
2026-03-21 15:09:18,25
2026-03-21 15:10:23,23
2026-03-21 15:11:29,23
2026-03-21 15:12:35,23
2026-03-21 15:13:40,23
2026-03-21 15:14:46,25
2026-03-21 15:15:52,25
2026-03-21 15:16:57,25
2026-03-21 15:18:03,25
2026-03-21 15:19:09,25
2026-03-21 15:20:15,25
2026-03-21 15:21:21,22
2026-03-21 15:22:27,22
2026-03-21 15:23:32,22
2026-03-21 15:24:38,22
2026-03-21 15:25:44,24
2026-03-21 15:26:50,24
2026-03-21 15:27:55,24
2026-03-21 15:29:01,24
2026-03-21 15:30:07,24
2026-03-21 15:31:13,24
2026-03-21 15:32:19,24
2026-03-21 15:33:24,24
2026-03-21 15:34:30,24
2026-03-21 15:35:36,24
2026-03-21 15:36:42,20
2026-03-21 15:37:48,20
2026-03-21 15:38:53,20
2026-03-21 15:39:59,20
2026-03-21 15:41:05,20
2026-03-21 15:42:11,21
2026-03-21 15:43:17,21
2026-03-21 15:44:22,21
2026-03-21 15:45:28,24
2026-03-21 15:46:34,24
2026-03-21 15:47:40,24
2026-03-21 15:48:46,24
2026-03-21 15:49:52,24
2026-03-21 15:50:57,25
2026-03-21 15:52:03,25
2026-03-21 15:53:09,24
2026-03-21 15:54:15,24
2026-03-21 15:55:20,25
2026-03-21 15:56:26,24
2026-03-21 15:57:32,23
2026-03-21 15:58:37,23
2026-03-21 15:59:43,24
2026-03-21 16:00:49,24
2026-03-21 16:01:54,23
2026-03-21 16:03:00,24
2026-03-21 16:04:06,30
2026-03-21 16:05:12,30
2026-03-21 16:06:18,30
2026-03-21 16:07:25,30
2026-03-21 16:08:31,30
2026-03-21 16:09:37,29
2026-03-21 16:10:42,29
2026-03-21 16:11:48,29
2026-03-21 16:12:54,29
2026-03-21 16:13:59,29
2026-03-21 16:15:05,29
2026-03-21 16:16:11,29
2026-03-21 16:17:16,31
2026-03-21 16:18:22,29
2026-03-21 16:19:28,31
2026-03-21 16:20:34,31
2026-03-21 16:21:39,31
2026-03-21 16:22:45,36
2026-03-21 16:23:51,36
2026-03-21 16:24:56,31
2026-03-21 16:26:02,35
2026-03-21 16:27:08,36
2026-03-21 16:28:13,36
2026-03-21 16:29:19,36
2026-03-21 16:30:25,36
2026-03-21 16:31:30,36
2026-03-21 16:32:36,36
2026-03-21 16:33:42,36
2026-03-21 16:34:48,40
2026-03-21 16:35:54,36
2026-03-21 16:37:00,40
2026-03-21 16:38:06,40
2026-03-21 16:39:11,39
2026-03-21 16:40:17,39
2026-03-21 16:41:23,39
2026-03-21 16:42:29,39
2026-03-21 16:43:34,39
2026-03-21 16:44:40,39
2026-03-21 16:45:46,39
2026-03-21 16:46:52,39
2026-03-21 16:47:58,39
2026-03-21 16:49:04,44
2026-03-21 16:50:10,44
2026-03-21 16:51:16,44
2026-03-21 16:52:21,44
2026-03-21 16:53:27,49
2026-03-21 16:54:33,49
2026-03-21 16:55:38,49
2026-03-21 16:56:44,49
2026-03-21 16:57:50,49
2026-03-21 16:58:56,48
2026-03-21 17:00:02,48
2026-03-21 17:01:07,48
2026-03-21 17:02:13,48
2026-03-21 17:03:19,47
2026-03-21 17:04:25,48
2026-03-21 17:05:31,47
2026-03-21 17:06:36,47
2026-03-21 17:07:42,47
2026-03-21 17:08:47,47
2026-03-21 17:09:53,46
2026-03-21 17:10:59,47
2026-03-21 17:12:05,46
2026-03-21 17:13:10,46
2026-03-21 17:14:16,46
2026-03-21 17:15:22,48
2026-03-21 17:16:28,48
2026-03-21 17:17:34,48
2026-03-21 17:18:40,48
2026-03-21 17:19:45,48
2026-03-21 17:20:51,47
2026-03-21 17:21:57,47
2026-03-21 17:23:03,47
2026-03-21 17:24:09,45
2026-03-21 17:25:14,45
2026-03-21 17:26:20,45
2026-03-21 17:27:26,44
2026-03-21 17:28:32,44
2026-03-21 17:29:38,44
2026-03-21 17:30:44,44
2026-03-21 17:31:49,45
2026-03-21 17:32:55,44
2026-03-21 17:34:01,47
2026-03-21 17:35:07,47
2026-03-21 17:36:44,47
2026-03-21 17:37:47,47
2026-03-21 17:38:53,47
2026-03-21 17:40:08,40
2026-03-21 17:41:14,40
2026-03-21 17:42:29,40
2026-03-21 17:43:34,39
2026-03-21 17:44:41,39
2026-03-21 17:45:47,40
2026-03-21 17:46:52,39
2026-03-21 17:48:02,39
2026-03-21 17:49:07,39
2026-03-21 17:50:13,39
2026-03-21 17:51:19,39
2026-03-21 17:52:25,39
2026-03-21 17:53:31,37
2026-03-21 17:54:37,39
2026-03-21 17:55:42,37
2026-03-21 17:56:48,37
2026-03-21 17:57:54,37
2026-03-21 17:58:59,35
2026-03-21 18:00:05,37
2026-03-21 18:01:11,35
2026-03-21 18:02:17,35
2026-03-21 18:03:23,35
2026-03-21 18:04:29,35
2026-03-21 18:05:34,35
2026-03-21 18:06:40,35
2026-03-21 18:07:46,35
2026-03-21 18:08:51,32
2026-03-21 18:09:57,32
2026-03-21 18:11:02,32
2026-03-21 18:12:08,32
2026-03-21 18:13:14,32
2026-03-21 18:14:19,25
2026-03-21 18:15:25,25
2026-03-21 18:16:31,25
2026-03-21 18:17:36,25
2026-03-21 18:18:42,25
2026-03-21 18:19:47,25
2026-03-21 18:20:53,25
2026-03-21 18:21:59,25
2026-03-21 18:23:04,25
2026-03-21 18:24:10,27
2026-03-21 18:25:15,27
2026-03-21 18:26:21,27
2026-03-21 18:27:26,27
2026-03-21 18:28:32,27
2026-03-21 18:29:38,27
2026-03-21 18:30:44,31
2026-03-21 18:31:49,31
2026-03-21 18:32:55,31
2026-03-21 18:34:00,31
2026-03-21 18:35:06,26
2026-03-21 18:36:11,26
2026-03-21 18:37:18,26
2026-03-21 18:38:23,26
2026-03-21 18:39:29,26
2026-03-21 18:40:34,29
2026-03-21 18:41:40,29
2026-03-21 18:42:46,29
2026-03-21 18:43:51,29
2026-03-21 18:44:57,29
2026-03-21 18:46:03,29
2026-03-21 18:47:08,29
2026-03-21 18:48:14,29
2026-03-21 18:49:20,29
2026-03-21 18:50:25,29
2026-03-21 18:51:31,30
2026-03-21 18:52:36,30
2026-03-21 18:53:42,30
2026-03-21 18:54:48,30
2026-03-21 18:55:54,28
2026-03-21 18:56:59,28
2026-03-21 18:58:05,28
2026-03-21 18:59:11,28
2026-03-21 19:00:17,28
2026-03-21 19:01:23,31
2026-03-21 19:02:29,31
2026-03-21 19:03:35,31
2026-03-21 19:04:41,31
2026-03-21 19:05:47,31
2026-03-21 19:06:53,33
2026-03-21 19:07:58,33
2026-03-21 19:09:05,33
2026-03-21 19:10:11,33
2026-03-21 19:11:16,29
2026-03-21 19:12:22,29
2026-03-21 19:13:29,32
2026-03-21 19:14:34,29
2026-03-21 19:15:40,32
2026-03-21 19:16:46,29
2026-03-21 19:17:51,34
2026-03-21 19:18:57,34
2026-03-21 19:20:03,34
2026-03-21 19:21:09,34
2026-03-21 19:22:14,34
2026-03-21 19:23:21,34
2026-03-21 19:24:26,33
2026-03-21 19:25:32,33
2026-03-21 19:26:37,33
2026-03-21 19:27:43,37
2026-03-21 19:28:49,33
2026-03-21 19:29:54,37
2026-03-21 19:31:00,37
2026-03-21 19:32:05,37
2026-03-21 19:33:11,35
2026-03-21 19:34:17,35
2026-03-21 19:35:22,37
2026-03-21 19:36:28,35
2026-03-21 19:37:33,35
2026-03-21 19:38:39,35
2026-03-21 19:39:45,39
2026-03-21 19:40:50,39
2026-03-21 19:41:56,35
2026-03-21 19:43:01,39
2026-03-21 19:44:08,39
2026-03-21 19:45:13,38
2026-03-21 19:46:19,38
2026-03-21 19:47:24,39
2026-03-21 19:48:30,38
2026-03-21 19:49:35,40
2026-03-21 19:50:41,40
2026-03-21 19:51:47,40
2026-03-21 19:52:52,35
2026-03-21 19:53:58,40
2026-03-21 19:55:03,35
2026-03-21 19:56:09,35
2026-03-21 19:57:15,35
2026-03-21 19:58:21,35
2026-03-21 19:59:26,35
2026-03-21 20:00:31,36
2026-03-21 20:01:40,36
2026-03-21 20:02:46,36
2026-03-21 20:03:52,36
2026-03-21 20:04:58,36
2026-03-21 20:06:03,35
2026-03-21 20:07:09,35
2026-03-21 20:08:14,35
2026-03-21 20:09:20,33
2026-03-21 20:10:26,33
2026-03-21 20:11:31,35
2026-03-21 20:12:37,33
2026-03-21 20:13:43,33
2026-03-21 20:14:48,33
2026-03-21 20:15:54,34
2026-03-21 20:17:00,34
2026-03-21 20:18:06,34
2026-03-21 20:19:12,34
2026-03-21 20:20:17,34
2026-03-21 20:21:23,33
2026-03-21 20:22:29,33
2026-03-21 20:23:35,33
2026-03-21 20:24:41,33
2026-03-21 20:25:46,31
2026-03-21 20:26:52,31
2026-03-21 20:27:57,31
2026-03-21 20:29:03,31
2026-03-21 20:30:09,31
2026-03-21 20:31:15,31
2026-03-21 20:32:20,28
2026-03-21 20:33:26,28
2026-03-21 20:34:32,24
2026-03-21 20:35:37,28
2026-03-21 20:36:43,28
2026-03-21 20:37:49,21
2026-03-21 20:38:55,21
2026-03-21 20:40:00,21
2026-03-21 20:41:06,21
2026-03-21 20:42:12,21
2026-03-21 20:43:17,21
2026-03-21 20:44:23,21
2026-03-21 20:45:29,17
2026-03-21 20:46:34,21
2026-03-21 20:47:40,17
2026-03-21 20:48:46,10
2026-03-21 20:49:52,10
2026-03-21 20:50:59,10
2026-03-21 20:52:05,10
2026-03-21 20:53:10,4
2026-03-21 20:54:16,4
2026-03-21 20:55:22,4
2026-03-21 20:56:28,4
2026-03-21 20:57:34,4
2026-03-21 20:58:39,4
2026-03-21 20:59:58,4
2026-03-21 21:01:04,4
